,x,A,P,rho,u
0,-120.0,1.443482752,68511.12056558506,0.40040009741869065,216.45863702872677
1,-119.0,1.435873258166843,68384.99784297548,0.3998411044739458,217.90999324033186
2,-118.0,1.428336384091072,68257.43951359909,0.3992755026348367,219.37014821715368
3,-117.0,1.420871852448307,68128.43460523157,0.3987032342662598,220.83912782972277
4,-116.0,1.413479391592448,67997.97225925309,0.39812424201292645,222.3169569162141
5,-115.0,1.406158735421875,67866.0417379908,0.39753846882870936,223.8036592576091
6,-114.0,1.398909623247808,67732.6324321519,0.3969458580064336,225.29925755326173
7,-113.0,1.391731799664827,67597.73386837993,0.3963463532082705,226.80377339649306
8,-112.0,1.384625014423552,67461.33571692323,0.3957398984966879,228.31722725033694
9,-111.0,1.377589022305483,67323.42779942421,0.3951264383660016,229.83963842329152
10,-110.0,1.370623583,67184.00009681126,0.3945059177744501,231.37102504527965
11,-109.0,1.363728460983523,67043.04275730239,0.3938782821768452,232.91140404367474
12,-108.0,1.356903425400832,66900.54610448796,0.3932434775576517,234.46079111974686
13,-107.0,1.350148249948547,66756.50064557069,0.39260145046485634,236.0192007246147
14,-106.0,1.343462712760768,66610.89707960885,0.3919521480439417,237.58664603638158
15,-105.0,1.336846596296875,66463.72630591838,0.39129551807266955,239.16313893669826
16,-104.0,1.330299687231488,66314.97943252281,0.3906315089961815,240.74868998795384
17,-103.0,1.3238217763465872,66164.64778468777,0.389960069962589,242.3433084106236
18,-102.0,1.3174126584257921,66012.72291352355,0.38928115085898835,243.94700206093438
19,-101.0,1.311072132150803,65859.19660464964,0.38859470234787064,245.55977740885027
20,-100.0,1.3048,65704.06088691861,0.3879006759039415,247.18163951639008
21,-99.0,1.298596068149203,65547.30804118686,0.3871990238512768,248.81259201630394
22,-98.0,1.292460146374592,65388.93060913319,0.38648969940084765,250.4526370911116
23,-97.0,1.286392047957787,65228.921402091786,0.3857726566882619,252.1017754527517
24,-96.0,1.280391589593088,65067.273509963714,0.3850478508120165,253.76000632213572
25,-95.0,1.2744585912968749,64903.980310079816,0.384315237871704,255.42732740987415
26,-94.0,1.2685928763191678,64739.03547612425,0.38357477500666326,257.103734896956
27,-93.0,1.262794271057347,64572.432987042186,0.38282642043474935,258.78922341614424
28,-92.0,1.257062604972032,64404.16713594274,0.3820701334912663,260.48378603387266
29,-91.0,1.251397710505123,64234.23253898796,0.381305874668044,262.1874142326974
30,-90.0,1.245799423,64062.6241442576,0.38053360565260663,263.90009789430616
31,-89.0,1.240267580623883,63889.337240563334,0.3797532893673365,265.62182528332426
32,-88.0,1.234802024292352,63714.36746626403,0.378964890008857,267.3525830312635
33,-87.0,1.229402597596027,63537.71081796242,0.37816837308711915,269.09235612180254
34,-86.0,1.224069146729408,63359.36365918555,0.37736370546464976,270.8411278762412
35,-85.0,1.218801520421875,63179.32272896993,0.3765508553956181,272.5988799398698
36,-84.0,1.213599569870848,62997.58515036549,0.3757297925647899,274.3655922690234
37,-83.0,1.208463148677107,62814.14843883763,0.3749004881262817,276.14124311893806
38,-82.0,1.203392112782272,62629.01051056637,0.3740629147421195,277.92580903232465
39,-81.0,1.198386320408443,62442.16969062559,0.3732170466205368,279.7192648287804
40,-80.0,1.193445632,62253.62472100593,0.3723628595538414,281.52158359523753
41,-79.0,1.188569910167563,62063.37476856424,0.3715003309562484,283.33273667662525
42,-78.0,1.1837590196341121,61871.41943269603,0.3706294399007276,285.1526936684181
43,-77.0,1.179012827183267,61677.75875305417,0.3697501671564884,286.98142240883305
44,-76.0,1.174331201609728,61482.393216783064,0.3688624952243433,288.8188889733542
45,-75.0,1.169714013671875,61285.32376584018,0.3679664083730161,290.6650576690354
46,-74.0,1.165161136046528,61086.55180398461,0.36706189267414857,292.51989103029894
47,-73.0,1.160672443285867,60886.07920355806,0.3661489360367175,294.3833498157999
48,-72.0,1.156247811776512,60683.908312095286,0.36522752824101257,296.2553930057723
49,-71.0,1.151887119700763,60480.04195862095,0.3642976609715286,298.13597780111877
50,-70.0,1.147590247,60274.48345975533,0.36335932784933195,300.02505962298505
51,-69.0,1.143357075340243,60067.23662553331,0.36241252446347255,301.9225921136418
52,-68.0,1.139187488079872,59858.30576495963,0.3614572484015512,303.82852713836263
53,-67.0,1.135081370239507,59647.69569127316,0.3604934992793107,305.7428147884318
54,-66.0,1.131038608474048,59435.41172692628,0.3595212787692993,307.66540338518416
55,-65.0,1.127059091046875,59221.45970822672,0.3585405906283474,309.5962394854304
56,-64.0,1.123142707806208,59005.84598973012,0.3575514407242787,311.53526788738986
57,-63.0,1.119289350163627,58788.57744821576,0.35655383706108157,313.4824316385776
58,-62.0,1.115498911074752,58569.661486389385,0.3555477898032024,315.43767204423415
59,-61.0,1.1117712850220831,58349.10603620915,0.35453331129848836,317.40092867717414
60,-60.0,1.108106368,58126.91956186555,0.35351041609990996,319.37213938869047
61,-59.0,1.104504057501923,57903.11106236018,0.352479120985822,321.3512403209201
62,-58.0,1.100964252509632,57677.69007378472,0.3514394449792177,323.3381659197027
63,-57.0,1.097486853484747,57450.66667111105,0.35039140936510704,325.3328489495379
64,-56.0,1.094071762362368,57222.05146966287,0.34933503770680174,327.33522050904406
65,-55.0,1.090718882546875,56991.85562615858,0.34827035586059113,329.3452100478535
66,-54.0,1.087428118909888,56760.09083934285,0.34719739198889166,331.3627453846924
67,-53.0,1.0841993777903869,56526.76935020957,0.3461161765718684,333.387752726591
68,-52.0,1.081032566996992,56291.90394179699,0.3450267424174409,335.4201566893075
69,-51.0,1.077927595812403,56055.50793855083,0.34392912466964765,337.45988031895473
70,-50.0,1.074884375,55817.59520526763,0.3428233608154113,339.5068451146854
71,-49.0,1.071902816812603,55578.18014558506,0.3417094906895522,341.56097105265343
72,-48.0,1.068982835003392,55337.27770003202,0.3405875564780935,343.62217661110657
73,-47.0,1.066124344838987,55094.90334363875,0.33945760271985453,345.6903787965726
74,-46.0,1.063327263114688,54851.07308310131,0.33831967630629184,347.76549317114535
75,-45.0,1.060591508171875,54605.803453479806,0.33717382647948596,349.84743388100924
76,-44.0,1.057916999917568,54359.11151445841,0.336020104828388,351.9361136859496
77,-43.0,1.055303659846147,54111.01484614988,0.3348585652832363,354.0314439899533
78,-42.0,1.0527514110632321,53861.53154444123,0.3336892641081152,356.13333487292925
79,-41.0,1.050260178311723,53610.68021589281,0.3325122598916971,358.24169512341274
80,-40.0,1.047829888,53358.47997219114,0.3313276135361539,360.356432272247
81,-39.0,1.045460468232283,53104.9504241158,0.3301353882440474,362.47745262758093
82,-38.0,1.043151848841152,52850.11167514675,0.3289356495037545,364.60466131008906
83,-37.0,1.040903961422227,52593.98431451824,0.3277284650725255,366.7379622900837
84,-36.0,1.038716739371008,52336.5894099211,0.3265139049580902,368.8772584248129
85,-35.0,1.036590117921875,52077.94849970183,0.32529204139808493,371.02245149721375
86,-34.0,1.034524034189248,51818.083584734646,0.32406294883811565,373.1734422547046
87,-33.0,1.032518427210907,51557.017119746364,0.32282670390739926,375.3301304498376
88,-32.0,1.030573237993472,51294.77200431414,0.32158338539299514,377.49241488102336
89,-31.0,1.028688409560043,51031.3715734349,0.32033307421214396,379.6601934341996
90,-30.0,1.026863887,50766.8395876792,0.3190758533827384,381.8333631253728
91,-29.0,1.025099617520963,50501.20022297488,0.31781180799212866,384.0118201436871
92,-28.0,1.023395550502912,50234.47806000508,0.31654102516416804,386.1954598952154
93,-27.0,1.021751637554467,49966.69807321638,0.31526359402445286,388.3841770475269
94,-26.0,1.020167832571328,49697.88561951057,0.31397960566408784,390.57786557451107
95,-25.0,1.018644091796875,49428.06642652879,0.31268915310151996,392.77641880223354
96,-24.0,1.017180373884928,49157.266580640535,0.31139233124295174,394.9797294549883
97,-23.0,1.015776639964667,48885.51251457635,0.31008923684102024,397.1876897020847
98,-22.0,1.014432853707712,48612.83099475155,0.30877996845194844,399.4001912050847
99,-21.0,1.013148981397363,48339.24910826715,0.30746462639107036,401.6171251656385
100,-20.0,1.011924992,48064.79424961395,0.30614331268683853,403.83838237379916
101,-19.0,1.010760857238643,47789.49410705768,0.3048161310331798,406.06385325708237
102,-18.0,1.009656551668672,47513.37664872937,0.30348318674028696,408.29342793012756
103,-17.0,1.008612052755707,47236.47010838305,0.3021445866836423,410.5269962453768
104,-16.0,1.007627340955648,46958.80297082389,0.30080043925125316,412.76444784480174
105,-15.0,1.006702399796875,46680.403956938106,0.2994508542887466,415.0056722133496
106,-14.0,1.005837215964608,46401.302008246064,0.2980959430418956,417.2505587347932
107,-13.0,1.005031779387427,46121.5262708638,0.29673581809599126,419.49899675101597
108,-12.0,1.004286083325952,45841.10607856874,0.2953705933105288,421.7508756272513
109,-11.0,1.003600124463683,45560.07093458778,0.29400038374727994,424.0060848264178
110,-10.0,1.002973903,45278.45049124049,0.29262530558743666,426.2645139995992
111,-9.0,1.002407422745323,44996.27452590812,0.2912454760302101,428.5260531049627
112,-8.0,1.001900691218432,44713.57291019162,0.2898610131572957,430.7905925803162
113,-7.0,1.001453719745947,44430.3755654254,0.2884720357292868,433.0580236240097
114,-6.0,1.001066523563968,44146.71238876425,0.2870786628356901,435.3282387104322
115,-5.0,1.000739121921875,43862.61310826671,0.28568101319223427,437.6011326725459
116,-4.0,1.000471538188288,43578.10694177875,0.2842792034642312,439.8766053522674
117,-3.0,1.000263799959187,43293.221596565505,0.28287334331833097,442.1545695200531
118,-2.0,1.000115939168192,43007.97926285396,0.281463515557767,444.43498282247583
119,-1.0,1.000027992199003,42722.36781393007,0.28004963323336707,446.7180779080294
120,0.0,1.0,42446.253412547805,0.2786806254904872,448.9251291555879
121,1.0,1.000027992199003,42169.974128360096,0.27730867765753153,451.1334983586684
122,2.0,1.000115939168192,41883.844693469175,0.27588555903134293,453.4207340945264
123,3.0,1.000263799959187,41597.73166435796,0.2744602061164606,455.70810833882075
124,4.0,1.000471538188288,41311.62338479032,0.2730325409207534,457.9958512285485
125,5.0,1.000739121921875,41025.54259246483,0.27160265680619006,460.28391778645164
126,6.0,1.001066523563968,40739.517619496386,0.27017067560342256,462.57221804135656
127,7.0,1.001453719745947,40453.57838607312,0.268736727748308,464.86064897210906
128,8.0,1.001900691218432,40167.7554002908,0.2673009473344117,467.1491024225294
129,9.0,1.002407422745323,39882.079417149806,0.26586347043568825,469.437467747534
130,10.0,1.002973903,39596.58129371482,0.26442443440195296,471.7256328914042
131,11.0,1.003600124463683,39311.29191517561,0.2629839775055641,474.0134848995176
132,12.0,1.004286083325952,39026.24215035744,0.2615422387336235,476.3009101949749
133,13.0,1.005031779387427,38741.46282076504,0.2600993576466963,478.58779474745165
134,14.0,1.005837215964608,38456.98467640165,0.25865547427049324,480.8740241883803
135,15.0,1.006702399796875,38172.83837521784,0.25721072900489483,483.15948389772876
136,16.0,1.007627340955648,37889.054464629706,0.25576526254254905,485.44405907492006
137,17.0,1.008612052755707,37605.663364286425,0.254319215792961,487.72763480056875
138,18.0,1.009656551668672,37322.6953496568,0.252872729809926,490.0100960925639
139,19.0,1.010760857238643,37040.18053616164,0.25142594572092986,492.29132795877797
140,20.0,1.011924992,36758.14886373494,0.2499790046579252,494.57121544743063
141,21.0,1.013148981397363,36476.63008171374,0.24853204768897616,496.8496436960142
142,22.0,1.014432853707712,36195.65373402256,0.2470852157505876,499.12649797913093
143,23.0,1.015776639964667,35915.249144617585,0.2456386495805411,501.40166375562256
144,24.0,1.017180373884928,35635.445403162135,0.24419248965108753,503.67502671534885
145,25.0,1.018644091796875,35356.271351094154,0.24274687610326384,505.94647282411347
146,26.0,1.020167832571328,35077.75556767113,0.24130194868033547,508.21588837090167
147,27.0,1.021751637554467,34799.92635655055,0.23985784666304358,510.48316001203443
148,28.0,1.023395550502912,34522.811732510745,0.23841470880475557,512.7481748162271
149,29.0,1.025099617520963,34246.43940847009,0.23697267326728008,515.0108203090631
150,30.0,1.026863887,33970.836782809056,0.23553187755736651,517.2709845169715
151,31.0,1.028688409560043,33696.030926986336,0.23409245846385462,519.528556010842
152,32.0,1.030573237993472,33422.04857347343,0.23265455199559,521.783423949155
153,33.0,1.032518427210907,33148.91610401122,0.23121829332013277,524.0354781206449
154,34.0,1.034524034189248,32876.65953820662,0.22978381670335138,526.2846089864165
155,35.0,1.036590117921875,32605.30452247115,0.2283512554499174,528.5307077215557
156,36.0,1.038716739371008,32334.876319317453,0.22692074184479352,530.7736662561502
157,37.0,1.040903961422227,32065.399797022557,0.22549240709575916,533.0133773156892
158,38.0,1.043151848841152,31796.899419665573,0.22406638127703005,535.2497344608338
159,39.0,1.045460468232283,31529.399237546968,0.2226427932740159,537.4826321265243
160,40.0,1.047829888,31262.922878002508,0.22122177072929303,539.711965660361
161,41.0,1.050260178311723,30997.493536610433,0.21980343998980204,541.9376313602935
162,42.0,1.0527514110632321,30733.133968808732,0.21838792605536594,544.1595265115013
163,43.0,1.055303659846147,30469.86648191858,0.21697535252852934,546.3775494225332
164,44.0,1.057916999917568,30207.71292758574,0.2155658415657905,548.5915994606039
165,45.0,1.060591508171875,29946.6946946415,0.21415951383025592,550.8015770860628
166,46.0,1.063327263114688,29686.832702388,0.21275648844575876,553.0073838859938
167,47.0,1.066124344838987,29428.1473943086,0.21135688295246702,555.2089226069519
168,48.0,1.068982835003392,29170.65873221106,0.2099608132640355,557.4060971867484
169,49.0,1.071902816812603,28914.386190799225,0.20856839362630986,559.5988127853528
170,50.0,1.074884375,28659.348752676742,0.20717973657761615,561.7869758148331
171,51.0,1.077927595812403,28405.56490378538,0.20579495291067618,563.970493968325
172,51.0,1.077927595812403,37066.558807899324,0.2371779618154941,489.34681941280405
173,51.345,1.0789918293616547,36911.26375685836,0.23629759239055662,490.6855176836344
174,51.69,1.0800634163803786,36758.215633612854,0.235429512134809,492.0061531691181
175,52.035,1.08114236053406,36607.29310592518,0.23457305004298643,493.3097443731201
176,52.379999999999995,1.0822286655091922,36458.385425100896,0.2337275936922538,494.5972210515459
177,52.724999999999994,1.083322335013236,36311.39120077998,0.2328925824602269,495.8694344899867
178,53.06999999999999,1.084423372774586,36166.2173513903,0.2320675017154055,497.12716630705
179,53.41499999999999,1.085531782542538,36022.77820048055,0.23125187781514395,498.3711360334253
180,53.75999999999999,1.0866475680872607,35880.99469494043,0.23044527377834212,499.60200766812966
181,54.10499999999999,1.0877707331997726,35740.793725615345,0.22964728552493993,500.8203953755429
182,54.44999999999999,1.0889012816919195,35602.10753445408,0.228857538594417,502.02686845640693
183,54.79499999999999,1.0900392173963587,35464.87319507554,0.22807568527070604,503.2219557028514
184,55.139999999999986,1.0911845441665446,35329.032155996894,0.22730140205394167,504.4061492277386
185,55.484999999999985,1.0923372658767199,35194.52983750711,0.2265343874291973,505.5799078440116
186,55.829999999999984,1.0934973864219077,35061.31527476487,0.2257743598910059,506.74366005628895
187,56.17499999999998,1.094664909717911,34929.340800723294,0.2250210561884331,507.8978067184494
188,56.51999999999998,1.0958398397013123,34798.5617636842,0.2242742297617564,509.0427234007532
189,56.86499999999998,1.0970221803294786,34668.93627492843,0.2235336493456494,510.17876250477207
190,57.20999999999998,1.0982119355805704,34540.424982629345,0.2227990977178406,511.3062551578888
191,57.55499999999998,1.099409109453553,34412.99086878771,0.22207037057519768,512.4255129147807
192,57.89999999999998,1.1006137059682122,34286.599066343784,0.22134727552148306,513.5368292897377
193,58.244999999999976,1.1018257291651739,34161.21669424202,0.22062963115450088,514.6404811384213
194,58.589999999999975,1.1030451831059271,34036.8127080735,0.219917266239432,515.7367299090995
195,58.934999999999974,1.10427207187285,33913.35776480801,0.21921001896017786,516.8258227757201
196,59.27999999999997,1.1055063995692405,33790.824099873695,0.2185077362390344,517.907993667503
197,59.62499999999997,1.1067481703193505,33669.18541529071,0.21781027311755247,518.9834642058908
198,59.96999999999997,1.107997388268422,33548.41677766326,0.21711749219195658,520.0524445588583
199,60.31499999999997,1.10925405758273,33428.494524994996,0.2164292630974023,521.1151342212946
200,60.65999999999997,1.1105181824496266,33309.39618140861,0.21574546203597725,522.1717227291454
201,61.00499999999997,1.1117897670775885,33191.100378987976,0.21506597134412433,523.2223903138637
202,61.349999999999966,1.11306881569627,33073.58678600093,0.21439067909537793,524.2673085034158
203,61.694999999999965,1.1143553325565594,32956.83604091095,0.21371947873513805,525.3066406747756
204,62.039999999999964,1.1156493219306367,32840.82969159924,0.21305226874428426,526.3405425627681
205,62.38499999999996,1.1169507881120375,32725.550139317882,0.21238895232896307,527.3691627292873
206,62.72999999999996,1.1182597354157198,32610.980586919613,0.2117294371340645,528.3926429966925
207,63.07499999999996,1.119576168178134,32497.104990989843,0.21107363497826784,529.4111188485072
208,63.41999999999996,1.1209000907572968,32383.90801752821,0.21042146160875946,530.4247198004006
209,63.76499999999996,1.1222315075328686,32271.375000828917,0.20977283647362047,531.4335697443872
210,64.10999999999996,1.123570422906235,32159.49190535349,0.209127682510812,532.437787267945
211,64.45499999999996,1.1249168413005923,32048.245290265062,0.20848592595186144,533.4374859508697
212,64.79999999999995,1.126270767161034,31937.62227644436,0.20784749613929587,534.4327746413346
213,65.14499999999995,1.127632204954645,31827.61051576251,0.2072123253565606,535.4237577130688
214,65.48999999999995,1.1290011591705964,31718.19816243436,0.20658034866945202,536.4105353051032
215,65.83499999999995,1.1303776343202452,31609.373846275463,0.20595150377808671,537.3932035455942
216,66.17999999999995,1.1317616349372368,31501.126647719302,0.20532573087860992,538.3718547609005
217,66.52499999999995,1.1331531655776126,31393.446074450032,0.2047029725338448,539.3465776711503
218,66.86999999999995,1.1345522308199196,31286.32203954187,0.20408317355228178,540.3174575731789
219,67.21499999999995,1.135958835265325,31179.744840898118,0.20346628087424273,541.284576512654
220,67.55999999999995,1.137372983537733,31073.70514216366,0.20285224346624456,542.2480134437247
221,67.90499999999994,1.138794680283907,30968.19395455155,0.20224101222035848,543.2078443812095
222,68.24999999999994,1.140223930173594,30863.20261996075,0.20163253986076116,544.164142541848
223,68.59499999999994,1.1416607378996528,30758.722795030673,0.20102678085545259,545.1169784777571
224,68.93999999999994,1.1431051081781873,30654.746436147765,0.20042369133324459,546.0664202019295
225,69.28499999999994,1.1445570457486813,30551.26578532853,0.1998232290055968,547.0125333063885
226,69.62999999999994,1.1460165553741386,30448.273356914513,0.19922535309295,547.9553810735566
227,69.97499999999994,1.147483641841225,30345.76192503584,0.1986300242553112,548.8950245811869
228,70.31999999999994,1.1489583099604173,30243.724511727545,0.19803720452643891,549.8315228018811
229,70.66499999999994,1.1504405645661513,30142.154375831553,0.1974468572524119,550.7649326959236
230,71.00999999999993,1.1519304105169774,30041.04500234965,0.19685894703263518,551.6953093004953
231,71.35499999999993,1.1534278526957173,29940.390092484064,0.19627343966471628,552.6227058130276
232,71.69999999999993,1.1549328960096268,29840.183554182146,0.19569030209207566,553.5471736703805
233,72.04499999999993,1.1564455453905587,29740.41949317998,0.19510950235434743,554.4687626238492
234,72.38999999999993,1.157965805795133,29641.09220450994,0.19453100954036534,555.3875208102961
235,72.73499999999993,1.159493682204909,29542.19616448316,0.19395479374369518,556.303494819287
236,73.07999999999993,1.16102917962656,29443.7260230361,0.19338082602029935,557.2167297572261
237,73.42499999999993,1.1625723030920547,29345.676596503818,0.19280907834847022,558.127269307891
238,73.76999999999992,1.164123057658839,29248.042860742702,0.19223952359073707,559.0351557900624
239,74.11499999999992,1.165681448410023,29150.819944598155,0.19167213545767364,559.9404302122671
240,74.45999999999992,1.1672474804545725,29054.003123693812,0.1911068884734851,560.8431323248361
241,74.80499999999992,1.1688211589275013,28957.58781452644,0.19054375794328685,561.743300669409
242,75.14999999999992,1.1704024889900704,28861.5695688444,0.18998271992195281,562.6409726260684
243,75.49499999999992,1.1719914758299896,28765.944068295998,0.189423751184455,563.5361844582228
244,75.83999999999992,1.1735881246616213,28670.70711933262,0.18886682919761702,564.4289713553538
245,76.18499999999992,1.1751924407261898,28575.854648349858,0.18831193209318012,565.3193674737895
246,76.52999999999992,1.1768044292919937,28481.38269705633,0.18775903864213206,566.2074059755618
247,76.87499999999991,1.1784240956546224,28387.287418055126,0.18720812823021063,567.0931190654951
248,77.21999999999991,1.1800514451371742,28293.565070636378,0.18665918083458177,567.9765380265269
249,77.56499999999991,1.181686483090481,28200.212016705544,0.18611217700124488,568.8576932539448
250,77.90999999999991,1.1833292148933348,28107.224717032263,0.18556709782426478,569.7366142868044
251,78.25499999999991,1.1849796459527175,28014.59972748262,0.18502392492484462,570.613329839688
252,78.59999999999991,1.1866377817040366,27922.33369555435,0.18448264043212398,571.4878678317762
253,78.94499999999991,1.1883036276113612,27830.423357009422,0.1839432269644984,572.3602554151728
254,79.2899999999999,1.189977189167665,27738.865532661308,0.1834056676117953,573.23051900193
255,79.6349999999999,1.1916584718950705,27647.65712529846,0.18286994591821024,574.098684289935
256,79.9799999999999,1.1933474813450977,27556.795116749854,0.1823360458660024,574.964776287603
257,80.3249999999999,1.1950442230989178,27466.276565048545,0.1818039518597976,575.8288193377765
258,80.6699999999999,1.1967487027676076,27376.098601747428,0.18127364871164783,576.6908371403246
259,81.0149999999999,1.1984609259924095,27286.25842932395,0.1807451216266446,577.5508527740202
260,81.3599999999999,1.2001808984449958,27196.75331869567,0.1802183561891327,578.4088887174918
261,81.7049999999999,1.2019086258277345,27107.580606848547,0.17969333834952253,579.2649668692195
262,82.0499999999999,1.2036441138739609,27018.737694545027,0.1791700544115827,580.1191085668867
263,82.3949999999999,1.205387368348251,26930.22204413772,0.17864849102029012,580.9713346058385
264,82.7399999999999,1.2071383950466998,26842.03117746469,0.17812863515013921,581.8216652568615
265,83.0849999999999,1.208897199797203,26754.162673829393,0.17761047409392164,582.6701202832606
266,83.4299999999999,1.2106637884597413,26666.614168061125,0.17709399545195045,583.5167189572597
267,83.77499999999989,1.2124381669266704,26579.383348649888,0.17657918712169562,584.3614800757886
268,84.11999999999989,1.214220341123013,26492.467955955603,0.17606603728783113,585.2044219756465
269,84.46499999999989,1.2160103170067547,26405.865780485197,0.17555453441265936,586.0455625480994
270,84.80999999999989,1.2178081005691432,26319.574661235896,0.17504466722689987,586.8849192529267
271,85.15499999999989,1.2196136978349934,26233.592484102166,0.174536424720832,587.7225091319352
272,85.49999999999989,1.2214271148629925,26147.917180342425,0.1740297961357686,588.558348821985
273,85.84499999999989,1.223248357746012,26062.546725104272,0.17352477095585217,589.3924545675067
274,86.18999999999988,1.225077432611421,25977.47913600253,0.1730213389001452,590.2248422326069
275,86.53499999999988,1.2269143456214053,25892.712471753388,0.1725194899150299,591.0555273126777
276,86.87999999999988,1.2287591029732883,25808.244830855558,0.1720192141668693,591.8845249456392
277,87.22499999999988,1.2306117108998555,25724.074350322648,0.17152050203495217,592.7118499227362
278,87.56999999999988,1.232472175669685,25640.19920445907,0.1710233441046763,593.5375166989844
279,87.91499999999988,1.2343405035874793,25556.617603682287,0.17052773116099276,594.3615394032264
280,88.25999999999988,1.2362167009944005,25473.327793386292,0.1700336541820756,595.1839318478424
281,88.60499999999988,1.238100774268412,25390.328052848923,0.16954110433323588,596.004707538095
282,88.94999999999987,1.23999272982462,25307.616694160304,0.16905007296095215,596.8238796813249
283,89.29499999999987,1.2418925741156221,25225.192061238184,0.1685605515873676,597.6414611953413
284,89.63999999999987,1.2438003136318572,25143.05252880131,0.16807253190460802,598.4574647172916
285,89.98499999999987,1.2457159549019603,25061.196501450475,0.16758600576961544,599.2719026115111
286,90.32999999999987,1.2476395044931199,24979.622412742243,0.16710096519900344,600.0847869775018
287,90.67499999999987,1.2495709690114407,24898.328724303374,0.16661740236412043,600.8961296575587
288,91.01999999999987,1.2515103551023077,24817.3139249815,0.16613530958629935,601.7059422440803
289,91.36499999999987,1.2534576694507558,24736.576530016217,0.16565467933224406,602.5142360867283
290,91.70999999999987,1.2554129187818428,24656.115080244286,0.16517550420958851,603.3210222992896
291,92.05499999999986,1.2573761098610245,24575.92814132963,0.16469777696259894,604.1263117663373
292,92.39999999999986,1.2593472494945361,24496.014303019394,0.1642214904680195,604.9301151496746
293,92.74499999999986,1.2613263445297735,24416.372178426056,0.16374663773106377,605.7324428945595
294,93.08999999999986,1.2633134018556826,24337.00040333088,0.16327321188152275,606.5333052357568
295,93.43499999999986,1.2653084284031497,24257.89763551381,0.16280120617002106,607.332712203357
296,93.77999999999986,1.2673114311453944,24179.062554103522,0.16233061396438395,608.1306736284483
297,94.12499999999986,1.2693224170983695,24100.493858948666,0.161861428746123,608.9271991485926
298,94.46999999999986,1.271341393321162,24022.190270011284,0.16139364410704252,609.7222982131233
299,94.81499999999986,1.273368366916398,23944.150526778467,0.1609272537459513,610.5159800882965
300,95.15999999999985,1.2754033450306528,23866.373387694333,0.16046225146548182,611.3082538622667
301,95.50499999999985,1.2774463348548621,23788.857629608923,0.15999863116900778,612.0991284499217
302,95.84999999999985,1.2794973436247403,23711.602047246826,0.15953638685767002,612.8886125975549
303,96.19499999999985,1.281556378621198,23634.60545269132,0.15907551262748637,613.6767148874097
304,96.53999999999985,1.2836234471707677,23557.866674885285,0.15861600266655818,614.4634437420785
305,96.88499999999985,1.28569855664603,23481.38455914858,0.15815785125236528,615.2488074287716
306,97.22999999999985,1.287781714466044,23405.157966710416,0.15770105274914642,616.0328140634552
307,97.57499999999985,1.2898729280967831,23329.18577425638,0.1572456016053593,616.815471614869
308,97.91999999999985,1.2919722050515723,23253.4668734897,0.15679149235122114,617.5967879084266
309,98.26499999999984,1.2940795528915299,23178.000170706826,0.15633871959632867,618.3767706299934
310,98.60999999999984,1.296194979226013,23102.78458638494,0.15588727802734478,619.1554273295703
311,98.95499999999984,1.2983184917130677,23027.819054786905,0.15543716240577277,619.9327654248174
312,99.29999999999984,1.3004500980598799,22953.10252357452,0.15498836756578532,620.7087922045223
313,99.64499999999984,1.3025898060232328,22878.63395340873,0.15454088841205815,621.483514832226
314,99.98999999999984,1.304737623409967,22804.412317649043,0.15409471991789225,622.2569403488374
315,100.33499999999984,1.3068935580774435,22730.436601933554,0.15364985712306276,623.0290756765199
316,100.67999999999984,1.3090576179340117,22656.7058038797,0.15320629513201106,623.7999276213377
317,101.02499999999984,1.3112298109394795,22583.218932738226,0.15276402911194722,624.5695028764112
318,101.36999999999983,1.3134101451055888,22509.975009077425,0.15232305429106094,625.3378080247799
319,101.71499999999983,1.315598628496493,22436.973064472157,0.1518833659567738,626.1048495422366
320,102.05999999999983,1.3177952692292387,22364.21214120261,0.15144495945404493,626.8706338000725
321,102.40499999999983,1.3200000754742525,22291.69129196241,0.15100783018372918,627.6351670677531
322,102.74999999999983,1.3222130554558285,22219.409579579617,0.15057197360100633,628.3984555154672
323,103.09499999999983,1.3244342174526218,22147.366076722083,0.15013738521371459,629.1605052168691
324,103.43999999999983,1.3266635697981453,22075.55986567168,0.1497040605810942,629.9213221511042
325,103.78499999999983,1.328901120881269,22003.990038025706,0.1492719953120894,630.680912205625
326,104.12999999999982,1.3311468791467247,21932.6556944662,0.1488411850640558,631.4392811783022
327,104.47499999999982,1.3334008530956116,21861.555944513377,0.14841162554136877,632.1964347797278
328,104.81999999999982,1.3356630512859093,21790.68990628998,0.14798331249409302,632.9523786354086
329,105.16499999999982,1.3379334823329918,21720.056706292118,0.147556241716692,633.7071182879139
330,105.50999999999982,1.3402121549101444,21649.655479167646,0.14713040904677432,634.4606591989524
331,105.85499999999982,1.3424990777490877,21579.485367501107,0.14670581036388242,635.2130067513983
332,106.19999999999982,1.344794259640502,21509.545521604512,0.14628244158830894,635.9641662512689
333,106.54499999999982,1.3470977094345566,21439.835099314863,0.14586029867995393,636.7141429296383
334,106.88999999999982,1.3494094360414426,21370.353265796555,0.14543937763720788,637.4629419445226
335,107.23499999999981,1.3517294484319098,21301.09919335413,0.14501967449589456,638.2105683826553
336,107.57999999999981,1.3540577556378062,21232.072061240375,0.14460118532818364,638.9570272613358
337,107.92499999999981,1.3563943667526226,21163.271055482848,0.14418390624161165,639.7023235300875
338,108.26999999999981,1.3587392909320393,21094.69536870589,0.1437678333780765,640.4464620723745
339,108.61499999999981,1.361092537394477,21026.34419996489,0.14335296291288882,641.1894477072033
340,108.95999999999981,1.3634541154216526,20958.216754575853,0.14293929105382855,641.9312851907829
341,109.30499999999981,1.3658240343591364,20890.31224396175,0.1425268140402538,642.6719792180149
342,109.6499999999998,1.3682023036169149,20822.629885495517,0.14211552814222006,643.4115344240319
343,109.9949999999998,1.370588932669955,20755.16890234738,0.14170542965962382,644.1499553857003
344,110.3399999999998,1.3729839310587757,20687.928523345017,0.1412965149213882,644.88724662299
345,110.6849999999998,1.3753873083900188,20620.907982825844,0.14088878028464774,645.6234126004431
346,111.0299999999998,1.3777990743370259,20554.10652050253,0.1404822221339753,646.3584577285105
347,111.3749999999998,1.3802192386404202,20487.523381329385,0.14007683688062547,647.09238636488
348,111.7199999999998,1.3826478111086875,20421.157815372382,0.13967262096179808,647.8252028157834
349,112.0649999999998,1.3850848016187667,20355.009077683855,0.13926957083992703,648.556911337255
350,112.4099999999998,1.3875302201166384,20289.076428180346,0.1388676830019858,649.2875161363686
351,112.7549999999998,1.3899840766179214,20223.359131524237,0.13846695395881767,650.0170213724368
352,113.0999999999998,1.3924463812084702,20157.85645700878,0.1380673802444809,650.7454311581859
353,113.4449999999998,1.3949171440449772,20092.56767844669,0.13766895841561705,651.4727495608935
354,113.7899999999998,1.3973963753555785,20027.492074062273,0.13727168505083784,652.1989806035027
355,114.13499999999979,1.3998840854404635,19962.628926382928,0.13687555675010749,652.9241282657468
356,114.47999999999979,1.402380284672487,19897.97752214439,0.13648057013420722,653.648196485125
357,114.82499999999979,1.404884983497787,19833.53715218448,0.13608672184412768,654.3711891580211
358,115.16999999999979,1.407398192436404,19769.307111350507,0.13569400854054478,655.0931101406712
359,115.51499999999979,1.4099199220829053,19705.28669840543,0.13530242690328528,655.8139632501553
360,115.85999999999979,1.4124501831070126,19641.475215937204,0.13491197363081123,656.5337522653582
361,116.20499999999979,1.4149889862542326,19577.87197027113,0.13452264543972153,657.2524809279043
362,116.54999999999978,1.4175363423464933,19514.47627138457,0.13413443906426645,657.9701529430719
363,116.89499999999978,1.4200922622827803,19451.28743282405,0.13374735125587647,658.686771980685
364,117.23999999999978,1.4226567570397808,19388.30477162556,0.1333613787827084,659.4023416759816
365,117.58499999999978,1.4252298376725283,19325.527608235716,0.13297651842919622,660.1168656304686
366,117.92999999999978,1.4278115153150526,19262.95526643544,0.13259276699562372,660.8303474127592
367,118.27499999999978,1.4304018011810322,19200.58707327489,0.13221012129772333,661.5427905592918
368,118.61999999999978,1.4330007065644519,19138.422358986318,0.13182857816623972,662.2541985752968
369,118.96499999999978,1.435608242840262,19076.460456926863,0.13144813444654518,662.9645749354343
370,119.30999999999977,1.4382244214650426,19014.700703513365,0.13106878699829796,663.6739230845251
371,119.65499999999977,1.4408492539776725,18953.14243815064,0.13069053269502362,664.3822464383629
